rank,score,unknown_fill,keystream_27
1,-47.6380,"r7=A, r8=B, r20=I",YYGCKAZABMUYKLGKORNAIBLZCDC
2,-49.1506,"r7=A, r8=B, r20=D",YYGCKAZABMUYKLGKORNADBLZCDC
3,-50.0636,"r7=A, r8=B, r20=W",YYGCKAZABMUYKLGKORNAWBLZCDC
4,-50.1789,"r7=A, r8=B, r20=S",YYGCKAZABMUYKLGKORNASBLZCDC
5,-50.1915,"r7=A, r8=B, r20=T",YYGCKAZABMUYKLGKORNATBLZCDC
6,-50.6626,"r7=A, r8=B, r20=F",YYGCKAZABMUYKLGKORNAFBLZCDC
7,-50.8710,"r7=A, r8=B, r20=O",YYGCKAZABMUYKLGKORNAOBLZCDC
8,-51.0186,"r7=A, r8=B, r20=K",YYGCKAZABMUYKLGKORNAKBLZCDC
9,-51.5311,"r7=A, r8=O, r20=I",YYGCKAZAOMUYKLGKORNAIBLZCDC
10,-51.7730,"r7=A, r8=T, r20=I",YYGCKAZATMUYKLGKORNAIBLZCDC
